{"down1": {"1": {"parents": [], "CPT": [0.8]}, "2": {"parents": [], "CPT": [0.14]}, "3": {"parents": [], "CPT": [0.5]}, "4": {"parents": [1, 2], "CPT": [0.6, 0.9, 0.07, 0.12]}, "5": {"parents": [3, 4], "CPT": [0.4, 0.72, 0.92, 0.331]}, "6": {"parents": [3, 4], "CPT": [0.66, 0.52, 0.31, 0.823]}, "observed": {"1": true, "3": true}}, "down10": {"1": {"parents": [], "CPT": [0.72]}, "2": {"parents": [], "CPT": [0.23]}, "3": {"parents": [], "CPT": [0.47]}, "4": {"parents": [1, 2], "CPT": [0.56, 0.68, 0.07, 0.12]}, "5": {"parents": [3, 4], "CPT": [0.4, 0.6, 0.7, 0.331]}, "6": {"parents": [3, 4], "CPT": [0.58, 0.52, 0.31, 0.76]}, "observed": {"2": true, "3": true}}, "down2": {"1": {"parents": [], "CPT": [0.7]}, "2": {"parents": [], "CPT": [0.7]}, "3": {"parents": [], "CPT": [0.7]}, "4": {"parents": [1, 2], "CPT": [0.8, 0.7, 0.5, 0.6]}, "5": {"parents": [3, 4], "CPT": [0.34, 0.43, 0.23, 0.32]}, "6": {"parents": [3, 4], "CPT": [0.7, 0.87, 0.67, 0.52]}, "observed": {"1": true}}, "down3": {"1": {"parents": [], "CPT": [0.1]}, "2": {"parents": [], "CPT": [0.8]}, "3": {"parents": [], "CPT": [0.2]}, "4": {"parents": [1, 2], "CPT": [0.4, 0.4, 0.4, 0.3]}, "5": {"parents": [3, 4], "CPT": [0.7, 0.6, 0.5, 0.4]}, "6": {"parents": [3, 4], "CPT": [0.5, 0.6, 0.5, 0.6]}, "observed": {"2": true}}, "down4": {"1": {"parents": [], "CPT": [0.1]}, "2": {"parents": [], "CPT": [0.8]}, "3": {"parents": [], "CPT": [0.2]}, "4": {"parents": [1, 2], "CPT": [0.3, 0.2, 0.4, 0.3]}, "5": {"parents": [3, 4], "CPT": [0.2, 0.3, 0.6, 0.8]}, "6": {"parents": [3, 4], "CPT": [0.2, 0.1, 0.7, 0.8]}, "observed": {"2": true}}, "down5": {"1": {"parents": [], "CPT": [0.73]}, "2": {"parents": [], "CPT": [0.24]}, "3": {"parents": [], "CPT": [0.2]}, "4": {"parents": [1, 2], "CPT": [0.2, 0.3, 0.7, 0.8]}, "5": {"parents": [3, 4], "CPT": [0.8, 0.8, 0.6, 0.6]}, "6": {"parents": [3, 4], "CPT": [0.5, 0.5, 0.7, 0.6]}, "observed": {"4": true}}, "down6": {"1": {"parents": [], "CPT": [0.12]}, "2": {"parents": [], "CPT": [0.006]}, "3": {"parents": [], "CPT": [0.7]}, "4": {"parents": [1, 2], "CPT": [0.3, 0.4, 0.55, 0.5]}, "5": {"parents": [3, 4], "CPT": [0.23, 0.67, 0.243, 0.92]}, "6": {"parents": [3, 4], "CPT": [0.5, 0.5, 0.7, 0.6]}, "observed": {"1": true}}, "down7": {"1": {"parents": [], "CPT": [0.5]}, "2": {"parents": [], "CPT": [0.5]}, "3": {"parents": [], "CPT": [0.5]}, "4": {"parents": [1, 2], "CPT": [0.3, 0.4, 0.25, 0.5]}, "5": {"parents": [3, 4], "CPT": [0.23, 0.27, 0.143, 0.92]}, "6": {"parents": [3, 4], "CPT": [0.3, 0.9, 0.7, 0.4]}, "observed": {"2": true}}, "down8": {"1": {"parents": [], "CPT": [0.59]}, "2": {"parents": [], "CPT": [0.6]}, "3": {"parents": [], "CPT": [0.3]}, "4": {"parents": [1, 2], "CPT": [0.005, 0.9, 0.6, 0.1]}, "5": {"parents": [3, 4], "CPT": [0.2, 0.49, 0.9, 0.01]}, "6": {"parents": [3, 4], "CPT": [0.7, 0.6, 0.8, 0.4]}, "observed": {"3": true}}, "down9": {"1": {"parents": [], "CPT": [0.64]}, "2": {"parents": [], "CPT": [0.3]}, "3": {"parents": [], "CPT": [0.3]}, "4": {"parents": [1, 2], "CPT": [0.005, 0.9, 0.6, 0.2]}, "5": {"parents": [3, 4], "CPT": [0.5623, 0.49, 0.9, 0.7]}, "6": {"parents": [3, 4], "CPT": [0.7, 0.6, 0.8, 0.4]}, "observed": {"3": true}}, "left1": {"1": {"parents": [], "CPT": [0.9]}, "2": {"parents": [], "CPT": [0.8]}, "3": {"parents": [], "CPT": [0.7]}, "4": {"parents": [1, 2], "CPT": [0.3, 0.4, 0.5, 0.6]}, "5": {"parents": [3, 4], "CPT": [0.1, 0.2, 0.3, 0.4]}, "6": {"parents": [3, 4], "CPT": [0.2, 0.3, 0.37, 0.71]}, "observed": {"4": true}}, "left10": {"1": {"parents": [], "CPT": [0.5]}, "2": {"parents": [], "CPT": [0.3]}, "3": {"parents": [], "CPT": [0.8]}, "4": {"parents": [1, 2], "CPT": [0.44, 0.12, 0.66, 0.77]}, "5": {"parents": [3, 4], "CPT": [0.2, 0.8, 0.66, 0.55]}, "6": {"parents": [3, 4], "CPT": [0.434, 0.8, 0.22, 0.11]}, "observed": {"4": true}}, "left11": {"1": {"parents": [], "CPT": [0.9]}, "2": {"parents": [], "CPT": [0.9]}, "3": {"parents": [], "CPT": [0.9]}, "4": {"parents": [1, 2], "CPT": [0.9, 0.9, 0.9, 0.9]}, "5": {"parents": [3, 4], "CPT": [0.9, 0.9, 0.9, 0.9]}, "6": {"parents": [3, 4], "CPT": [0.5, 0.5, 0.5, 0.5]}, "observed": {"4": true}}, "left2": {"1": {"parents": [], "CPT": [0.43]}, "2": {"parents": [], "CPT": [0.56]}, "3": {"parents": [], "CPT": [0.12]}, "4": {"parents": [1, 2], "CPT": [0.54, 0.234, 0.764, 0.563]}, "5": {"parents": [3, 4], "CPT": [0.23, 0.434, 0.6452, 0.164]}, "6": {"parents": [3, 4], "CPT": [0.23, 0.642, 0.617, 0.236]}, "observed": {"2": true}}, "left3": {"1": {"parents": [], "CPT": [0.43]}, "2": {"parents": [], "CPT": [0.56]}, "3": {"parents": [], "CPT": [0.12]}, "4": {"parents": [1, 2], "CPT": [0.54, 0.234, 0.764, 0.563]}, "5": {"parents": [3, 4], "CPT": [0.23, 0.434, 0.6452, 0.164]}, "6": {"parents": [3, 4], "CPT": [0.23, 0.642, 0.617, 0.236]}, "observed": {"1": true, "3": true, "2": true}}, "left4": {"1": {"parents": [], "CPT": [0.9]}, "2": {"parents": [], "CPT": [0.5]}, "3": {"parents": [], "CPT": [0.5]}, "4": {"parents": [1, 2], "CPT": [0.9, 0.9, 0.9, 0.9]}, "5": {"parents": [3, 4], "CPT": [0.23, 0.27, 0.143, 0.92]}, "6": {"parents": [3, 4], "CPT": [0.3, 0.9, 0.7, 0.4]}, "observed": {"3": true}}, "left5": {"1": {"parents": [], "CPT": [0.9]}, "2": {"parents": [], "CPT": [0.5]}, "3": {"parents": [], "CPT": [0.5]}, "4": {"parents": [1, 2], "CPT": [0.9, 0.2, 0.9, 0.2]}, "5": {"parents": [3, 4], "CPT": [0.23, 0.27, 0.6789, 0.3]}, "6": {"parents": [3, 4], "CPT": [0.3, 0.9, 0.7, 0.4]}, "observed": {"2": true}}, "left6": {"1": {"parents": [], "CPT": [0.1]}, "2": {"parents": [], "CPT": [0.33]}, "3": {"parents": [], "CPT": [0.9]}, "4": {"parents": [1, 2], "CPT": [0.61, 0.2, 0.9, 0.2]}, "5": {"parents": [3, 4], "CPT": [0.1, 0.2, 0.49, 0.11]}, "6": {"parents": [3, 4], "CPT": [0.34, 0.222, 0.7, 0.4]}, "observed": {"3": true}}, "left7": {"1": {"parents": [], "CPT": [0.1]}, "2": {"parents": [], "CPT": [0.6]}, "3": {"parents": [], "CPT": [0.5]}, "4": {"parents": [1, 2], "CPT": [0.3, 0.4, 0.3, 0.2]}, "5": {"parents": [3, 4], "CPT": [0.6, 0.2, 0.6, 0.11]}, "6": {"parents": [3, 4], "CPT": [0.34, 0.3, 0.7, 0.4]}, "observed": {"3": true}}, "left8": {"1": {"parents": [], "CPT": [0.59]}, "2": {"parents": [], "CPT": [0.9]}, "3": {"parents": [], "CPT": [0.3]}, "4": {"parents": [1, 2], "CPT": [0.9, 0.49, 0.6, 0.1]}, "5": {"parents": [3, 4], "CPT": [0.2, 0.2, 0.49, 0.11]}, "6": {"parents": [3, 4], "CPT": [0.7, 0.6, 0.51, 0.4]}, "observed": {"1": true}}, "left9": {"1": {"parents": [], "CPT": [0.59]}, "2": {"parents": [], "CPT": [0.6]}, "3": {"parents": [], "CPT": [0.3]}, "4": {"parents": [1, 2], "CPT": [0.567, 0.9, 0.6, 0.1]}, "5": {"parents": [3, 4], "CPT": [0.2, 0.49, 0.9, 0.785]}, "6": {"parents": [3, 4], "CPT": [0.7, 0.6, 0.51, 0.4]}, "observed": {"3": true}}, "right1": {"1": {"parents": [], "CPT": [0.9]}, "2": {"parents": [], "CPT": [0.2]}, "3": {"parents": [], "CPT": [0.2]}, "4": {"parents": [1, 2], "CPT": [0.3, 0.2, 0.4, 0.3]}, "5": {"parents": [3, 4], "CPT": [0.2, 0.3, 0.6, 0.8]}, "6": {"parents": [3, 4], "CPT": [0.2, 0.1, 0.7, 0.8]}, "observed": {"2": true}}, "right10": {"1": {"parents": [], "CPT": [0.11]}, "2": {"parents": [], "CPT": [0.65]}, "3": {"parents": [], "CPT": [0.33]}, "4": {"parents": [1, 2], "CPT": [0.44, 0.12, 0.66, 0.77]}, "5": {"parents": [3, 4], "CPT": [0.88, 0.23, 0.66, 0.55]}, "6": {"parents": [3, 4], "CPT": [0.434, 0.76, 0.22, 0.11]}, "observed": {"4": true}}, "right2": {"1": {"parents": [], "CPT": [0.85]}, "2": {"parents": [], "CPT": [0.15]}, "3": {"parents": [], "CPT": [0.2]}, "4": {"parents": [1, 2], "CPT": [0.2, 0.3, 0.7, 0.8]}, "5": {"parents": [3, 4], "CPT": [0.5, 0.5, 0.6, 0.8]}, "6": {"parents": [3, 4], "CPT": [0.2, 0.3, 0.7, 0.6]}, "observed": {"2": true}}, "right3": {"1": {"parents": [], "CPT": [0.9]}, "2": {"parents": [], "CPT": [0.5]}, "3": {"parents": [], "CPT": [0.5]}, "4": {"parents": [1, 2], "CPT": [0.9, 0.2, 0.9, 0.2]}, "5": {"parents": [3, 4], "CPT": [0.8, 0.7, 0.6789, 0.99]}, "6": {"parents": [3, 4], "CPT": [0.34, 0.56, 0.7, 0.4]}, "observed": {"2": true}}, "right4": {"1": {"parents": [], "CPT": [0.9]}, "2": {"parents": [], "CPT": [0.5]}, "3": {"parents": [], "CPT": [0.5]}, "4": {"parents": [1, 2], "CPT": [0.9, 0.2, 0.9, 0.2]}, "5": {"parents": [3, 4], "CPT": [0.8, 0.7, 0.6789, 0.99]}, "6": {"parents": [3, 4], "CPT": [0.34, 0.56, 0.7, 0.4]}, "observed": {"3": true, "1": true, "2": true, "4": true}}, "right5": {"1": {"parents": [], "CPT": [0.1]}, "2": {"parents": [], "CPT": [0.1]}, "3": {"parents": [], "CPT": [0.5]}, "4": {"parents": [1, 2], "CPT": [0.1, 0.2, 0.9, 0.2]}, "5": {"parents": [3, 4], "CPT": [0.8, 0.7, 0.6789, 0.11]}, "6": {"parents": [3, 4], "CPT": [0.34, 0.56, 0.7, 0.4]}, "observed": {"3": true}}, "right6": {"1": {"parents": [], "CPT": [0.66]}, "2": {"parents": [], "CPT": [0.33]}, "3": {"parents": [], "CPT": [0.113]}, "4": {"parents": [1, 2], "CPT": [0.61, 0.2, 0.9, 0.2]}, "5": {"parents": [3, 4], "CPT": [0.8, 0.7, 0.49, 0.11]}, "6": {"parents": [3, 4], "CPT": [0.34, 0.222, 0.7, 0.4]}, "observed": {"3": true}}, "right7": {"1": {"parents": [], "CPT": [0.59]}, "2": {"parents": [], "CPT": [0.9]}, "3": {"parents": [], "CPT": [0.3]}, "4": {"parents": [1, 2], "CPT": [0.9, 0.9, 0.6, 0.1]}, "5": {"parents": [3, 4], "CPT": [0.2, 0.2, 0.9, 0.11]}, "6": {"parents": [3, 4], "CPT": [0.7, 0.6, 0.51, 0.4]}, "observed": {"1": true}}, "right8": {"1": {"parents": [], "CPT": [0.11]}, "2": {"parents": [], "CPT": [0.22]}, "3": {"parents": [], "CPT": [0.33]}, "4": {"parents": [1, 2], "CPT": [0.44, 0.55, 0.66, 0.77]}, "5": {"parents": [3, 4], "CPT": [0.88, 0.99, 0.9, 0.7]}, "6": {"parents": [3, 4], "CPT": [0.7, 0.6, 0.8, 0.4]}, "observed": {"3": true}}, "right9": {"1": {"parents": [], "CPT": [0.11]}, "2": {"parents": [], "CPT": [0.22]}, "3": {"parents": [], "CPT": [0.33]}, "4": {"parents": [1, 2], "CPT": [0.44, 0.55, 0.66, 0.77]}, "5": {"parents": [3, 4], "CPT": [0.88, 0.99, 0.66, 0.55]}, "6": {"parents": [3, 4], "CPT": [0.44, 0.33, 0.22, 0.11]}, "observed": {"3": true}}, "up1": {"1": {"parents": [], "CPT": [0.453]}, "2": {"parents": [], "CPT": [0.23]}, "3": {"parents": [], "CPT": [0.59]}, "4": {"parents": [1, 2], "CPT": [0.341, 0.782, 0.62, 0.33]}, "5": {"parents": [3, 4], "CPT": [0.56, 0.51, 0.23, 0.112]}, "6": {"parents": [3, 4], "CPT": [0.2, 0.3, 0.37, 0.71]}, "observed": {"2": true}}, "up10": {"1": {"parents": [], "CPT": [0.2]}, "2": {"parents": [], "CPT": [0.3]}, "3": {"parents": [], "CPT": [0.2]}, "4": {"parents": [1, 2], "CPT": [0.6, 0.3, 0.6, 0.8]}, "5": {"parents": [3, 4], "CPT": [0.3, 0.7, 0.66, 0.55]}, "6": {"parents": [3, 4], "CPT": [0.434, 0.7, 0.22, 0.3]}, "observed": {"1": true}}, "up2": {"1": {"parents": [], "CPT": [0.85]}, "2": {"parents": [], "CPT": [0.15]}, "3": {"parents": [], "CPT": [0.2]}, "4": {"parents": [1, 2], "CPT": [0.3, 0.2, 0.4, 0.3]}, "5": {"parents": [3, 4], "CPT": [0.2, 0.3, 0.6, 0.8]}, "6": {"parents": [3, 4], "CPT": [0.2, 0.1, 0.7, 0.8]}, "observed": {"3": true}}, "up3": {"1": {"parents": [], "CPT": [0.1]}, "2": {"parents": [], "CPT": [0.8]}, "3": {"parents": [], "CPT": [0.23]}, "4": {"parents": [1, 2], "CPT": [0.3, 0.4, 0.3, 0.2]}, "5": {"parents": [3, 4], "CPT": [0.6, 0.2, 0.49, 0.11]}, "6": {"parents": [3, 4], "CPT": [0.34, 0.222, 0.7, 0.4]}, "observed": {"3": true}}, "up4": {"1": {"parents": [], "CPT": [0.1]}, "2": {"parents": [], "CPT": [0.6]}, "3": {"parents": [], "CPT": [0.5]}, "4": {"parents": [1, 2], "CPT": [0.3, 0.4, 0.3, 0.4]}, "5": {"parents": [3, 4], "CPT": [0.6, 0.2, 0.49, 0.11]}, "6": {"parents": [3, 4], "CPT": [0.34, 0.222, 0.7, 0.4]}, "observed": {"3": true}}, "up5": {"1": {"parents": [], "CPT": [0.59]}, "2": {"parents": [], "CPT": [0.9]}, "3": {"parents": [], "CPT": [0.3]}, "4": {"parents": [1, 2], "CPT": [0.9, 0.7, 0.6, 0.1]}, "5": {"parents": [3, 4], "CPT": [0.2, 0.2, 0.49, 0.11]}, "6": {"parents": [3, 4], "CPT": [0.34, 0.3, 0.3, 0.4]}, "observed": {"1": true}}, "up6": {"1": {"parents": [], "CPT": [0.1]}, "2": {"parents": [], "CPT": [0.1]}, "3": {"parents": [], "CPT": [0.1]}, "4": {"parents": [1, 2], "CPT": [0.44, 0.12, 0.66, 0.77]}, "5": {"parents": [3, 4], "CPT": [0.2, 0.8, 0.66, 0.55]}, "6": {"parents": [3, 4], "CPT": [0.434, 0.8, 0.22, 0.11]}, "observed": {"4": true}}, "up7": {"1": {"parents": [], "CPT": [0.1]}, "2": {"parents": [], "CPT": [0.1]}, "3": {"parents": [], "CPT": [0.1]}, "4": {"parents": [1, 2], "CPT": [0.5, 0.2, 0.66, 0.77]}, "5": {"parents": [3, 4], "CPT": [0.2, 0.8, 0.66, 0.55]}, "6": {"parents": [3, 4], "CPT": [0.434, 0.7, 0.22, 0.3]}, "observed": {"4": true}}, "up8": {"1": {"parents": [], "CPT": [0.2]}, "2": {"parents": [], "CPT": [0.2]}, "3": {"parents": [], "CPT": [0.2]}, "4": {"parents": [1, 2], "CPT": [0.55, 0.2, 0.66, 0.77]}, "5": {"parents": [3, 4], "CPT": [0.22, 0.8, 0.66, 0.55]}, "6": {"parents": [3, 4], "CPT": [0.434, 0.77, 0.22, 0.3]}, "observed": {"4": true}}, "up9": {"1": {"parents": [], "CPT": [0.2]}, "2": {"parents": [], "CPT": [0.3]}, "3": {"parents": [], "CPT": [0.2]}, "4": {"parents": [1, 2], "CPT": [0.55, 0.3, 0.6, 0.8]}, "5": {"parents": [3, 4], "CPT": [0.3, 0.7, 0.66, 0.55]}, "6": {"parents": [3, 4], "CPT": [0.434, 0.77, 0.22, 0.3]}, "observed": {"4": true}}}